


insert into ALOJAMENTO values
	(148),
	(172),
	(224),
	(366),
	(376),
	(397),
	(481),
	(827),
	(875),
	(942),
	(300), 
	(318), 
	(441), 
	(461), 
	(548), 
	(555), 
	(686), 
	(772), 
	(779),
	(876), 
	(211), 
	(307), 
	(347), 
	(436), 
	(449), 
	(525), 
	(628), 
	(725), 
	(879), 
	(985),
	(150);


insert into CASA values
	(148, 'Travessa da Fonte dos Amores 3810-115 Aveiro', 234992884),
	(150, 'Travessa da Fonte dos Amores 3810-115 Aveiro', 234823987),
	(172, 'Travessa das Barcas 3810-006 Aveiro', 234468943),
	(224, 'Rua Bombeiros Velhos 3810-006 Aveiro', 234879057),
	(985, 'Avenida do Doutor Lourenço Peixinho 164C 3804-501 Aveiro', 234834122),
	(779, 'Travessa da Rua Direita 3810-009 Aveiro', 234634438),
	(876, 'Rua do Carmo 3804-503 Aveiro', 234253269);


insert into QUARTO values
	(366, 01, '1 pessoa; cama articulada, casa de banho'),
	(376, 02, '2 pessoas; camas articuladas, casa de banho'),
	(397, 03, '2 pessoas; camas articuladas, casa de banho'),
	(481, 04, '3 pessoas; camas articuladas, casa de banho'),
	(827, 05, '3 pessoas; camas articuladas, casa de banho'),
	(875, 06, '2 pessoas; camas articuladas, casa de banho'),
	(942, 07, '3 pessoas; camas articuladas, casa de banho'),
	(300, 08, '2 pessoas; camas articuladas, casa de banho'), 
	(318, 09, '3 pessoas; camas articuladas, casa de banho'), 
	(441, 10, '3 pessoas; camas articuladas, casa de banho'),
	(461, 11, '3 pessoas; camas articuladas, casa de banho'),
	(548, 12, '2 pessoas; camas articuladas, casa de banho'), 
	(555, 13, '1 pessoa; cama articulada'),
	(686, 14, '3 pessoas; camas articuladas, casa de banho'),
	(772, 15, '3 pessoas; camas articuladas, casa de banho'),
	(211, 16, '1 pessoa; cama articulada, casa de banho'), 
	(307, 17, '2 pessoas; camas articuladas'), 
	(347, 18, '3 pessoas; camas articuladas'), 
	(436, 19, '3 pessoas; camas articuladas, casa de banho'), 
	(449, 20, '2 pessoas; camas articuladas, casa de banho'), 
	(525, 21, '3 pessoas; camas articuladas, casa de banho'), 
	(628, 22, '3 pessoas; camas articuladas, casa de banho'), 
	(725, 23, '2 pessoas; camas articuladas'), 
	(879, 24, '1 pessoa; cama articulada');



insert into RESPONSAVEL values
	('1288501753IL', 'Mariana Branco', 'Rua Alexandre Herculano Café Lobito 4000-005 Porto', 'Familiar', 923080708),
	('1836461189T9', 'Brian Pinho', 'Travessa Capitão Ribeiro 4400-007 Vila Nova de Gaia', 'Familiar', 985191781),
	('153278447QC0', 'Paulo Fontes', 'Travessa das Beatas 3810-006 Aveiro', 'Familiar', 990798499),
	('353606474E37', 'Hugo Garcia', 'Rua do Barro São Bernardo 3810-006 Aveiro', 'Familiar', 916059357),
	('536233353K5O', 'Alice Coimbra', 'Avenida Combatentes do Ultramar 5180-102 Freixo de Espada à Cinta',  'Assistente Social', 938237857),
	('98334854406O', 'Joana Venâncio', 'Rua Cabo do Lugar 5150-002 Almendra', 'Assistente Social', 925194264),
	('443089348Y4P', 'Alexandra Saldanha', 'Largo Amigos do Baleal 2520-001 Baleal ', 'Assistente Social', 913135831),
	('096649375LQG', 'Enzo Machado', 'Rua das Encruzilhadas 7320-123 Castelo de Vide', 'Familiar', 977520343),
	('607795030NMS', 'Ivan Araújo', 'Rua Carolino Ramos 2 4904-852 Viana do Castelo', 'Familiar', 939831351),
	('995049341OZY', 'Alícia Vomlel', 'Rua Sardeiral 6200-801 Vale Formoso', 'Assistente Social', 978289502),
	('283192762G17', 'Aline Passos', 'Rua Fonte da Guia Granja de Baixo 3810-905 Oliveirinha', 'Familiar', 986263015),
	('7949647497NE', 'Violeta Corte-Real', 'Avenida Sidónio Pais 4E 1069-003 Lisboa', 'Familiar', 950464347),
	('357456953KFB', 'Bárbara Lima','Rua Engenheiro Duarte Pacheco 3850-004 Albergaria-A-Velha', 'Familiar', 983660489),
	('283938837TOT', 'Áurea Siqueira','Rua Semouqueira 3850-131 Albergaria-A-Velha', 'Familiar', 949658284),
	('071050812HWZ', 'Lúcia Seabra','Rua Dom António Alves Martins 3504-506 Viseu', 'Familiar', 985291347),
	('381668278RR1', 'Tomé Cunha','Avenida Comendador Augusto Martins Pereira 3744-002 Sever do Vouga', 'Familiar', 972531807),
	('177696088EYX', 'Simão Pacheco','Avenida Fontes Pereira de Melo 14 1069-107 Lisboa', 'Familiar', 955899865),
	('874671782YPR', 'Daniel Torres', 'Avenida Saraiva de Carvalho 3084-501 Figueira da Foz', 'Familiar', 984152772),
	('769207467U9D', 'Martim Salgado', 'Rua Araújo Guimarães 2460-002 Alcobaça', 'Assistente Social', 916684947),
	('292019886HCP', 'Flávio De Sá', 'Rua Trás do Outeiro 2460-492 Évora', 'Assistente Social', 928713392),
	('487565029JA9', 'Sérgio Serra', 'Avenida 5 de Outubro 160 1069-003 Lisboa', 'Familiar', 988847262),
	('201977803ATT', 'Sandra Queirós','Rua Lagoa Paramos 4504-855 Espinho', 'Familiar', 930712480),
	('6550742856UN', 'Micael Furtado', 'Avenida Elísio de Moura 155 3034-001 Coimbra', 'Familiar', 975677458),
	('264103962WPF', 'Mateus Resendes', 'Rua Henriques Nogueira Antas 4760-003 Vila Nova de Famalicão', 'Familiar', 988916801),
	('193231760S7U', 'Luana Moniz', 'Rua de Caminho Velho 4400-006 Vila Nova de Gaia', 'Familiar', 937891963),
	('124282598T5F', 'Fabiana Mascarenhas', 'Rua José Joaquim Lopes de Lima 3810-101 Aveiro', 'Familiar', 911299756),
	('148013368J1D', 'Victória Fernandes', 'Rua de Santiago 3814-506 Aveiro', 'Assistente Social', 992370262),
	('146832574O7T', 'Leonardo Roque', 'Rua da Costa Nova 3830-469 Gafanha da Encarnação', 'Familiar', 953016895),
	('17917108904M', 'Rafaela Coutinho', 'Rua João de Barros 3500-140 Viseu', 'Assistente Social', 992313433),
	('160369606OUN', 'Lia Pereira', 'Rua Bernardino Felgueiras 3054-003 Mealhada', 'Familiar', 919068305),
	('110770374ILM', 'Filomena Cardoso', 'Praça Marquês de Pombal 3814-502 Aveiro', 'Amigo', 922628039);


--SET DATEFORMAT dmy;
set ANSI_WARNINGS OFF
insert into UTENTE values
	(6549, '1288501753IL', 148, 'Francisco Branco', NULL, 'Senhor Francisco', '1943-10-20', 'M', 'Casado(a)', 413599972, NULL, '2012-12-21', 252022562, 69981578653, 'ADM', 'Médio', NULL),
	(2067, '1836461189T9', 172, 'Gabriela Pinho', NULL, 'Dona Gabriela', '1942-08-03', 'F', 'Viúvo(a)', 502516128, NULL, '2012-01-26', 860668765, 38537831884, 'ADSE', 'Elevado', 990980711),
	(6853, '153278447QC0', 224, 'Gil Fontes', NULL, 'Senhor Gil', '1956-06-28', 'M', 'Viúvo(a)', 463030703, NULL, '2007-02-11', 404081403, 44666650625, 'ADM', 'Médio', NULL),
	(7504, '353606474E37', 366, 'Leonor Garcia', NULL, 'Dona Leonor', '1936-04-15', 'F', 'Casado(a)', 587947944, 'Rua do Barro São Bernardo 3810-006 Aveiro', '2012-01-08', 461763919, 60128984614, 'ADSE', 'Médio', 997567381), 
	(8836, '536233353K5O', 376, 'Henrique Paiva', NULL, 'Senhor Henrique' , '1932-03-24', 'M', 'Viúvo(a)', 203554176, 'Rua Doutor Mário Sacramento Câmara Municipal de Aveiro 3810-104 Aveiro', '2011-10-11', 587554431, 15098187021, 'SAD-GNR', 'Médio', 945944368), 
	(4283, '98334854406O', 397, 'Kevin Sequeira', NULL, 'Senhor Kevin', '1956-01-02', 'M', 'Solteiro(a)', 416819899, 'Rua Cerca 5150-003 Almendra', '2008-08-13', 860378418, 78844917878, 'ADSE', 'Médio', NULL), 
	(9053, '443089348Y4P', 481, 'Rúben Florencio', NULL, 'Senhor Rúben', '1932-07-23', 'M', 'Viúvo(a)', 551356140, 'Largo do Catrola 2520-105 Ferrel', '2010-01-26', 734800192, 00698060381, 'ADSE', 'Elevado', 902691789), 
	(5517, '096649375LQG', 827, 'Carolina Machado', NULL, 'Dona Carolina ', '1958-01-01', 'F', 'Solteiro(a)', 636982499, 'Rua das Encruzilhadas 7320-123 Castelo de Vide', '2016-04-26', 170935378, 38446159326, 'ADSE', 'Baixo', 951880537),
	(7322, '607795030NMS', 875, 'Luana Leite', NULL, 'Dona Luana', '1951-11-20', 'F', 'Casado(a)', 932524504, 'Rua Santiago da Barra 4904-882 Viana do Castelo', '2012-05-30', 672709541, 26217905706, 'ADSE', 'Elevado', 966410915),
	(2923, '995049341OZY', 942, 'Paulo Silvestre', NULL, 'Senhor Paulo', '1939-07-30', 'M', 'Viúvo(a)', 300535140, 'Rua João de Deus 160 3701-501 São João da Madeira', '2008-10-20', 387768788, 30446475904, 'ADM', 'Elevado', NULL), 
	(4327, '283192762G17', 300, 'Leandro Passos', NULL, 'Senhor Leandro', '1952-01-13', 'M', 'Viúvo(a)', 064763902, 'Rua Fonte da Guia Granja de Baixo 3810-905 Oliveirinha', '2012-03-13', 097080527, 35950893626, 'ADSE', 'Médio', 949625703), 
	(8116, '7949647497NE', 318, 'Eduarda Corte-Real', NULL, 'Senhora Eduarda', '1941-11-30', 'F', 'Viúvo(a)', 122484835, 'Rua dos Irmãos Oliveira Lopes 3884-006 Ovar', '2015-09-10', 841011976, 93894464904, 'ADSE', 'Médio', 967694245), 
	(2658, '357456953KFB', 441, 'Laura Lima', NULL, 'Dona Laura', '1940-03-26', 'F', 'Casado(a)', 892846451, 'Avenida Sidónio Pais 4E 1069-003 Lisboa', '2012-02-27', 199876644, 44281781023, 'ADSE', 'Elevado', NULL), 
	(6857, '283938837TOT', 461, 'David Siqueira', NULL, 'Senhor David', '1955-12-17', 'M', 'Viúvo(a)', 721197588, 'Largo Soutelo 3850-530 Branca', '2011-05-21', 454153216, 07897269258, 'ADSE', 'Baixo', 970535597), 
	(9491, '071050812HWZ', 548, 'Fabiana Seabra', NULL, 'Dona Fabiana', '1922-02-28', 'F', 'Casado(a)', 700949432, 'Rua Dom António Alves Martins 3504-506 Viseu', '2017-12-27', 544756853, 14751251894, 'ADSE', 'Médio', NULL), 
	(5368, '381668278RR1', 555, 'Francisca Cunha', NULL, 'Dona Francisca', '1955-09-12', 'F', 'Viúvo(a)', 509893548, 'Avenida Comendador Augusto Martins Pereira 3744-002 Sever do Vouga', '2018-12-23', 644531106, 08677889683, 'ADSE', 'Elevado', 978454114), 
	(2202, '177696088EYX', 686, 'Cristiana Freire', NULL, 'Dona Cristiana', '1921-04-08', 'F', 'Casado(a)', 859978727, 'Praceta Afonso V 3810-009 Aveiro', '2012-11-29', 511937359, 48464490807, 'ADSE', 'Médio', 948082770),
	(1111, '874671782YPR', 772, 'Martim Torres', NULL, 'Senhor Martim', '1934-02-10', 'M', 'Viúvo(a)', 145139083, 'Avenida Saraiva de Carvalho 3084-501 Figueira da Foz', '2008-09-03', 554020605, 66781861472, 'ADM', 'Médio', 992129183), 
	(6442, '769207467U9D', 779, 'Marta Cardoso', NULL, 'Senhora Marta', '1946-12-29', 'M', 'Viúvo(a)', 884773028, NULL, '2007-09-04', 614068288, 14702661412, 'ADM', 'Elevado', NULL), 
	(3919, '292019886HCP', 876, 'Iara Cordeiro', NULL, 'Dona Iara', '1955-05-23', 'F', 'Viúvo(a)', 964862735, NULL, '2013-11-19', 431534370, 97436517175, 'ADSE', 'Baixo', 933430376 ),
	(7816, '487565029JA9', 211, 'Lucas Serra', NULL, 'Senhor Lucas', '1932-03-17', 'M', 'Casado(a)', 969483491, 'Rua Fernando Caldeira 3754-501 Águeda', '2015-05-05', 667169120, 86463610625, 'ADSE', 'Médio', 998242051), 
	(8224, '201977803ATT', 307, 'Mélanie Queirós', NULL, 'Dona Mélanie', '1936-08-16', 'F', 'Viúvo(a)', 296664077, 'Rua Lagoa Paramos 4504-855 Espinho', '2012-10-09', 268775503, 33899930023, 'ADSE', 'Elevado', 929318631), 
	(9529, '6550742856UN', 347, 'César Furtado', NULL, 'Senhor César', '1939-11-25', 'M', 'Viúvo(a)', 665152335, 'Bairro da Smida 3830-001 Ervosas', '2014-09-10', 977131568, 46508215694, 'ADSE', 'Médio', 959922376), 
	(2903, '264103962WPF', 436, 'Bernardo Couto', NULL, 'Senhor Bernardo', '1925-05-04', 'M', 'Casado(a)', 755794043, 'Rua dos Cardadeiros 3830-008 Gafanha da Boavista', '2012-01-16', 952668681, 16677630268, 'SAD-PSP', 'Médio', 904083817), 
	(8052, '193231760S7U', 449, 'Ângela Moniz', NULL, 'Dona Ângela', '1934-10-18', 'F', 'Viúvo(a)', 251927324, 'Praça da Ermida 3830-102 Ílhavo', '2008-12-16', 643410970, 06300403358, 'ADSE', 'Médio', NULL), 
	(8629, '124282598T5F', 525, 'Noah Mata', NULL, 'Senhora Noah', '1957-05-15', 'F', 'Viúvo(a)', 107713956, 'Rua José Joaquim Lopes de Lima 3810-101 Aveiro', '2011-08-07', 000824971, 85716376685, 'ADSE', 'Elevado', 913355287 ),
	(9640, '148013368J1D', 628, 'Ana Bento', NULL, 'Dona Ana', '1925-02-21', 'F', 'Casado(a)', 440010415, 'Rua de Santiago 3814-506 Aveiro', '2008-06-20', 403679538, 25099126529, 'ADSE', 'Médio', NULL), 
	(3856, '146832574O7T', 725, 'Brian Roque', NULL, 'Senhor Brian', '1922-10-21', 'M', 'Viúvo(a)', 373466209, 'Rua da Costa Nova 3830-469 Gafanha da Encarnação', '2016-07-13', 040391489, 93233568555, 'ADM', 'Médio', 936981112), 
	(6598, '17917108904M', 879, 'Rita Saraiva', NULL, 'Dona Rita', '1930-11-14', 'F', 'Viúvo(a)', 007889175, 'Rua de Luis Cipriano 3810-128 Aveiro', '2017-01-03', 195288786, 36173731062, 'ADSE', 'Elevado', NULL), 
	(7057, '160369606OUN', 985, 'Renata Pereira', NULL, 'Dona Renata', '1949-08-30', 'F', 'Casado(a)', 201213355, NULL, '2016-05-25', 609966919, 16728381576, 'ADSE', 'Médio', 941312571 ),
	(6652, '110770374ILM', 150, 'Mónica Brandão', NULL, 'Senhora Mónica', '1954-07-29', 'F', 'Solteiro(a)', 486832453, NULL, '2011-03-27', 802832071, 81748693039, 'ADSE', 'Médio', NULL );
set ANSI_WARNINGS ON

insert into CUIDADO values
	('higiene pessoal'),
	('mobilizacação'),
	('posicionamento'),
	('alimentação'),
	('administração de medicamentos'),
	('arrumação do espaço do idoso'),
	('primeiros socorros'),
	('animação');

insert into NECESSITA values
	(6549, 'higiene pessoal'),
	(6549, 'mobilizacação'),
	(6549, 'posicionamento'),
	(6549, 'administração de medicamentos'),
	(6549, 'arrumação do espaço do idoso'),
	(6549, 'primeiros socorros'),
	(6549, 'animação'),
	(2067, 'higiene pessoal'),
	(2067, 'mobilizacação'),
	(2067, 'posicionamento'),
	(2067, 'alimentação'),
	(2067, 'administração de medicamentos'),
	(2067, 'arrumação do espaço do idoso'),
	(2067, 'primeiros socorros'),
	(2067, 'animação'),
	(6853, 'higiene pessoal'),
	(6853, 'mobilizacação'),
	(6853, 'posicionamento'),
	(6853, 'arrumação do espaço do idoso'), 
	(6853, 'primeiros socorros'),
	(6853, 'animação'),
	(7504, 'higiene pessoal'),
	(7504, 'mobilizacação'),
	(7504, 'posicionamento'),
	(7504, 'administração de medicamentos'),
	(7504, 'primeiros socorros'),
	(7504, 'animação'),
	(8836, 'higiene pessoal'),
	(8836, 'mobilizacação'),
	(8836, 'posicionamento'),
	(8836, 'administração de medicamentos'),
	(8836, 'primeiros socorros'),
	(8836, 'animação'),
	(4283, 'higiene pessoal'),
	(4283, 'posicionamento'),
	(4283, 'alimentação'),
	(4283, 'administração de medicamentos'),
	(4283, 'primeiros socorros'),
	(4283, 'animação'),
	(9053, 'higiene pessoal'),
	(9053, 'mobilizacação'),
	(9053, 'posicionamento'),
	(9053, 'alimentação'),
	(9053, 'administração de medicamentos'),
	(9053, 'primeiros socorros'),
	(9053, 'animação'),
	(5517, 'higiene pessoal'),
	(5517, 'mobilizacação'),
	(5517, 'posicionamento'),
	(5517, 'alimentação'),
	(5517, 'administração de medicamentos'),
	(5517, 'arrumação do espaço do idoso'),
	(5517, 'primeiros socorros'),
	(5517, 'animação'),
	(7322, 'higiene pessoal'),
	(7322, 'mobilizacação'),
	(7322, 'posicionamento'),
	(7322, 'alimentação'),
	(7322, 'administração de medicamentos'),
	(7322, 'primeiros socorros'),
	(7322, 'animação'),
	(2923, 'higiene pessoal'),
	(2923, 'mobilizacação'),
	(2923, 'posicionamento'),
	(2923, 'alimentação'),
	(2923, 'administração de medicamentos'),
	(2923, 'primeiros socorros'),
	(2923, 'animação'),
	(4327, 'higiene pessoal'),
	(4327, 'mobilizacação'),
	(4327, 'posicionamento'),
	(4327, 'administração de medicamentos'),
	(4327, 'primeiros socorros'),
	(4327, 'animação'),
	(8116, 'higiene pessoal'),
	(8116, 'mobilizacação'),
	(8116, 'posicionamento'),
	(8116, 'administração de medicamentos'),
	(8116, 'primeiros socorros'),
	(8116, 'animação'),
	(2658, 'higiene pessoal'),
	(2658, 'mobilizacação'),
	(2658, 'posicionamento'),
	(2658, 'administração de medicamentos'),
	(2658, 'primeiros socorros'),
	(2658, 'animação'),
	(6857, 'mobilizacação'),
	(6857, 'posicionamento'),
	(6857, 'administração de medicamentos'),
	(6857, 'primeiros socorros'),
	(6857, 'animação'),
	(9491, 'higiene pessoal'),
	(9491, 'mobilizacação'),
	(9491, 'posicionamento'),
	(9491, 'administração de medicamentos'),
	(9491, 'primeiros socorros'),
	(9491, 'animação'),
	(5368, 'higiene pessoal'),
	(5368, 'mobilizacação'),
	(5368, 'posicionamento'),
	(5368, 'alimentação'),
	(5368, 'administração de medicamentos'),
	(5368, 'primeiros socorros'),
	(5368, 'animação'),
	(2202, 'higiene pessoal'),
	(2202, 'mobilizacação'),
	(2202, 'posicionamento'),
	(2202, 'administração de medicamentos'),
	(2202, 'primeiros socorros'),
	(2202, 'animação'),
	(1111, 'higiene pessoal'),
	(1111, 'mobilizacação'),
	(1111, 'posicionamento'),
	(1111, 'administração de medicamentos'),
	(1111, 'primeiros socorros'),
	(1111, 'animação'),
	(6442, 'higiene pessoal'),
	(6442, 'mobilizacação'),
	(6442, 'posicionamento'),
	(6442, 'alimentação'),
	(6442, 'administração de medicamentos'),
	(6442, 'arrumação do espaço do idoso'),
	(6442, 'primeiros socorros'),
	(6442, 'animação'),
	(3919, 'higiene pessoal'),
	(3919, 'mobilizacação'),
	(3919, 'posicionamento'),
	(3919, 'administração de medicamentos'),
	(3919, 'arrumação do espaço do idoso' ),
	(3919, 'primeiros socorros'),
	(3919, 'animação'),
	(7816, 'higiene pessoal'),
	(7816, 'mobilizacação'),
	(7816, 'posicionamento'),
	(7816, 'administração de medicamentos'),
	(7816, 'primeiros socorros'),
	(7816, 'animação'),
	(8224, 'higiene pessoal'),
	(8224, 'mobilizacação'),
	(8224, 'posicionamento'),
	(8224, 'alimentação'),
	(8224, 'administração de medicamentos'),
	(8224, 'primeiros socorros'),
	(8224, 'animação'),
	(9529, 'higiene pessoal'),
	(9529, 'mobilizacação'),
	(9529, 'posicionamento'),
	(9529, 'administração de medicamentos'),
	(9529, 'primeiros socorros'),
	(9529, 'animação'),
	(2903, 'higiene pessoal'),
	(2903, 'mobilizacação'),
	(2903, 'posicionamento'),
	(2903, 'administração de medicamentos'),
	(2903, 'primeiros socorros'),
	(2903, 'animação'),
	(8052, 'higiene pessoal'),
	(8052, 'mobilizacação'),
	(8052, 'posicionamento'),
	(8052, 'administração de medicamentos'),
	(8052, 'primeiros socorros'),
	(8052, 'animação'),
	(8629, 'higiene pessoal'),
	(8629, 'mobilizacação'),
	(8629, 'posicionamento'),
	(8629, 'alimentação'),
	(8629, 'administração de medicamentos'),
	(8629, 'primeiros socorros'),
	(8629, 'animação'),
	(9640, 'higiene pessoal'),
	(9640, 'mobilizacação'),
	(9640, 'posicionamento'),
	(9640, 'administração de medicamentos'),
	(9640, 'primeiros socorros'),
	(9640, 'animação'),
	(3856, 'higiene pessoal'),
	(3856, 'mobilizacação'),
	(3856, 'posicionamento'),
	(3856, 'administração de medicamentos'),
	(3856, 'primeiros socorros'),
	(3856, 'animação'),
	(6598, 'higiene pessoal'),
	(6598, 'mobilizacação'),
	(6598, 'posicionamento'),
	(6598, 'alimentação'),
	(6598, 'administração de medicamentos'),
	(6598, 'primeiros socorros'),
	(6598, 'animação'),
	(7057, 'higiene pessoal'),
	(7057, 'mobilizacação'),
	(7057, 'posicionamento'),
	(7057, 'administração de medicamentos'),
	(7057, 'arrumação do espaço do idoso'),
	(7057, 'primeiros socorros'),
	(7057, 'animação'),
	(6652, 'higiene pessoal'),
	(6652, 'mobilizacação'),
	(6652, 'posicionamento'),
	(6652, 'administração de medicamentos'),
	(6652, 'arrumação do espaço do idoso'),
	(6652, 'primeiros socorros'),
	(6652, 'animação');


insert into VISITANTE values
	('786169312OOJ', 'Vitória  Seabra'),
	('751632408EPP', 'Samuel  Passos'),
	('116565346XS8', 'Rafaela  Peres'),
	('177696088EYX', 'Simão Pacheco'),
	('283192762G17', 'Aline Passos'),
	('487565029JA9', 'Sérgio Serra'),
	('98334854406O', 'Joana Venâncio'),
	('096649375LQG', 'Enzo Machado'),
	('381668278RR1', 'Tomé Cunha'),
	('874671782YPR', 'Daniel Torres'),
	('353606474E37', 'Hugo Garcia');



		
set ANSI_WARNINGS OFF
insert into VISITA(no_utente, cc_visitante, data, hora_entrada, hora_saida) values
	(7504, '353606474E37', '2013-02-21', '14:33', '15:53'),
	(7816, '487565029JA9', '2016-01-05', '18:06', '18:48'),
	(4283, '98334854406O', '2009-04-11', '10:39', '11:15'),
	(5517, '096649375LQG', '2017-03-01', '18:05', '18:31'),
	(7322, '116565346XS8', '2012-12-24', '18:24', '18:57'),
	(4327, '751632408EPP', '2012-12-26', '18:12', '18:42'),
	(4327, '283192762G17', '2013-09-15', '12:13', '13:16'),
	(5368, '786169312OOJ', '2019-03-25', '13:09', '14:42'),
	(5368, '381668278RR1', '2019-05-01', '16:57', '17:21'),
	(2202, '177696088EYX', '2013-12-23', '17:39', '18:34'),
	(1111, '874671782YPR', '2010-06-17', '17:55', '18:45'),
	(7504, '353606474E37', '2014-10-08', '16:55', '18:02');
set ANSI_WARNINGS ON


insert into APOLICE_SEGURO values
	(7773, 'Confiança', 'Confiança Saúde', 6549, 50000, 'Fechada', '2012-12-21', '2022-12-31', 'Mensal'),
	(7224, 'Confiança', 'Confiança Saúde', 2067, 50000, 'Fechada', '2012-01-26', '2022-01-31', 'Trimestral'),
	(4362, 'Confiança', 'Confiança Saúde', 6853, 50000, 'Fechada', '2007-02-11', '2027-02-28', 'Mensal'),
	(6205, 'Confiança', 'Confiança Saúde', 7504, 50000, 'Fechada', '2012-01-08', '2022-01-31', 'Anual'),
	(1952, 'Confiança', 'Confiança Saúde', 8836, 50000, 'Fechada', '2011-10-11', '2021-10-31', 'Mensal'),
	(9090, 'Confiança', 'Confiança Saúde', 4283, 50000, 'Fechada', '2008-08-13', '2023-08-31', 'Anual'),
	(4985, 'Confiança', 'Confiança Saúde', 9053, 50000, 'Fechada', '2010-01-26', '2020-01-31', 'Mensal'),
	(8340, 'Confiança', 'Confiança Saúde', 5517, 50000, 'Fechada', '2016-04-26', '2026-04-30', 'Anual'),
	(8067, 'Confiança', 'Confiança Saúde', 7322, 50000, 'Fechada', '2012-05-30', '2022-05-31', 'Mensal'),
	(7307, 'Confiança', 'Confiança Saúde', 2923, 50000, 'Fechada', '2008-10-20', '2023-10-31', 'Anual'),
	(6440, 'Confiança', 'Confiança Saúde', 4327, 50000, 'Fechada', '2012-03-13', '2022-03-31', 'Anual'),
	(4495, 'Confiança', 'Confiança Saúde', 8116, 50000, 'Fechada', '2015-09-10', '2025-09-30', 'Mensal'),
	(5642, 'Confiança', 'Confiança Saúde', 2658, 50000, 'Fechada', '2012-02-27', '2022-02-28', 'Trimestral'),
	(1121, 'Confiança', 'Confiança Saúde', 6857, 50000, 'Fechada', '2011-05-21', '2021-05-31', 'Mensal'),
	(9523, 'Confiança', 'Confiança Saúde', 9491, 50000, 'Fechada', '2017-12-27', '2027-12-31', 'Trimestral'),
	(4665, 'Confiança', 'Confiança Saúde', 5368, 50000, 'Fechada', '2018-12-23', '2028-12-31', 'Mensal'),
	(6193, 'Vida Segura', 'Segura+', 2202, 48500, 'Fechada', '2012-11-29', '2022-11-30', 'Anual'),
	(7559, 'Vida Segura', 'Segura+', 1111, 48500, 'Fechada', '2008-09-03', '2023-09-30', 'Anual'),
	(7480, 'Vida Segura', 'Segura+', 6442, 48500, 'Fechada', '2007-09-04', '2021-09-30', 'Mensal'),
	(4507, 'Vida Segura', 'Segura+', 3919, 48500, 'Fechada', '2013-11-19', '2023-11-30', 'Mensal'),
	(9869, 'Vida Segura', 'Segura+', 7816, 48500, 'Fechada', '2015-05-05', '2020-05-31', 'Mensal'),
	(9746, 'Vida Segura', 'Segura+', 8224, 48500, 'Fechada', '2012-10-09', '2022-10-31', 'Anual'),
	(9388, 'Medi', 'Medi 60+', 9529, 45000, 'Fechada', '2014-09-10', '2024-09-30', 'Anual'),
	(5659, 'Medi', 'Medi 60+', 2903, 45000, 'Fechada', '2012-01-16', '2022-01-31', 'Mensal'),
	(2962, 'Medi', 'Medi 60+', 8052, 45000, 'Fechada', '2008-12-16', '2023-12-31', 'Anual'),
	(7808, 'Medi', 'Medi 60+', 8629, 45000, 'Fechada', '2011-08-07', '2021-08-31', 'Trimestral'),
	(1560, 'Medi', 'Medi 60+', 9640, 45000, 'Fechada', '2008-06-20', '2023-06-30', 'Anual'),
	(1916, 'Medi', 'Medi 60+', 3856, 45000, 'Fechada', '2016-07-13', '2026-07-31', 'Mensal'),
	(5860, 'Medi', 'Medi 60+', 6598, 45000, 'Fechada', '2017-01-03', '2027-01-31', 'Anual'),
	(7464, 'Medi', 'Medi 60+', 7057, 45000, 'Fechada', '2016-05-25', '2026-05-31', 'Mensal'),
	(9633, 'Medi', 'Medi 60+', 6652, 45000, 'Fechada', '2011-03-27', '2021-03-31', 'Anual');


insert into DANO values
	('Internamento'),
	('Transporte gratuito em ambulância'),
	('Ambulatório'),
	('Hospitalização'),
	('Assistência médica e de enfermagem ao domicílio'),
	('Consultas médicas de especialidade'),
	('Assistência em caso de doenças graves'),
	('Transporte de Urgência'),
	('Descontos em consultas de especialidade');



insert into COBRE values
	(7773, 'Transporte gratuito em ambulância'),
	(7773, 'Ambulatório'),
	(7773, 'Hospitalização'),
	(7773, 'Assistência médica e de enfermagem ao domicílio'),
	(7773, 'Consultas médicas de especialidade'),
	(7773, 'Assistência em caso de doenças graves'),
	(7773, 'Transporte de Urgência'),
	(7224, 'Transporte gratuito em ambulância'),
	(7224, 'Ambulatório'),
	(7224, 'Hospitalização'),
	(7224, 'Assistência médica e de enfermagem ao domicílio'),
	(7224, 'Consultas médicas de especialidade'),
	(7224, 'Assistência em caso de doenças graves'),
	(7224, 'Transporte de Urgência'),
	(4362, 'Transporte gratuito em ambulância'),
	(4362, 'Ambulatório'),
	(4362, 'Hospitalização'),
	(4362, 'Assistência médica e de enfermagem ao domicílio'),
	(4362, 'Consultas médicas de especialidade'),
	(4362, 'Assistência em caso de doenças graves'),
	(4362, 'Transporte de Urgência'),
	(6205, 'Transporte gratuito em ambulância'),
	(6205, 'Ambulatório'),
	(6205, 'Hospitalização'),
	(6205, 'Assistência médica e de enfermagem ao domicílio'),
	(6205, 'Consultas médicas de especialidade'),
	(6205, 'Assistência em caso de doenças graves'),
	(6205, 'Transporte de Urgência'),
	(1952, 'Transporte gratuito em ambulância'),
	(1952, 'Ambulatório'),
	(1952, 'Hospitalização'),
	(1952, 'Assistência médica e de enfermagem ao domicílio'),
	(1952, 'Consultas médicas de especialidade'),
	(1952, 'Assistência em caso de doenças graves'),
	(1952, 'Transporte de Urgência'),
	(9090, 'Transporte gratuito em ambulância'),
	(9090, 'Ambulatório'),
	(9090, 'Hospitalização'),
	(9090, 'Assistência médica e de enfermagem ao domicílio'),
	(9090, 'Consultas médicas de especialidade'),
	(9090, 'Assistência em caso de doenças graves'),
	(9090, 'Transporte de Urgência'),
	(4985, 'Transporte gratuito em ambulância'),
	(4985, 'Ambulatório'),
	(4985, 'Hospitalização'),
	(4985, 'Assistência médica e de enfermagem ao domicílio'),
	(4985, 'Consultas médicas de especialidade'),
	(4985, 'Assistência em caso de doenças graves'),
	(4985, 'Transporte de Urgência'),
	(8340, 'Transporte gratuito em ambulância'),
	(8340, 'Ambulatório'),
	(8340, 'Hospitalização'),
	(8340, 'Assistência médica e de enfermagem ao domicílio'),
	(8340, 'Consultas médicas de especialidade'),
	(8340, 'Assistência em caso de doenças graves'),
	(8340, 'Transporte de Urgência'),
	(8067, 'Transporte gratuito em ambulância'),
	(8067, 'Ambulatório'),
	(8067, 'Hospitalização'),
	(8067, 'Assistência médica e de enfermagem ao domicílio'),
	(8067, 'Consultas médicas de especialidade'),
	(8067, 'Assistência em caso de doenças graves'),
	(8067, 'Transporte de Urgência'),
	(7307, 'Transporte gratuito em ambulância'),
	(7307, 'Ambulatório'),
	(7307, 'Hospitalização'),
	(7307, 'Assistência médica e de enfermagem ao domicílio'),
	(7307, 'Consultas médicas de especialidade'),
	(7307, 'Assistência em caso de doenças graves'),
	(7307, 'Transporte de Urgência'),
	(6440, 'Transporte gratuito em ambulância'),
	(6440, 'Ambulatório'),
	(6440, 'Hospitalização'),
	(6440, 'Assistência médica e de enfermagem ao domicílio'),
	(6440, 'Consultas médicas de especialidade'),
	(6440, 'Assistência em caso de doenças graves'),
	(6440, 'Transporte de Urgência'),
	(4495, 'Transporte gratuito em ambulância'),
	(4495, 'Ambulatório'),
	(4495, 'Hospitalização'),
	(4495, 'Assistência médica e de enfermagem ao domicílio'),
	(4495, 'Consultas médicas de especialidade'),
	(4495, 'Assistência em caso de doenças graves'),
	(4495, 'Transporte de Urgência'),
	(5642, 'Transporte gratuito em ambulância'),
	(5642, 'Ambulatório'),
	(5642, 'Hospitalização'),
	(5642, 'Assistência médica e de enfermagem ao domicílio'),
	(5642, 'Consultas médicas de especialidade'),
	(5642, 'Assistência em caso de doenças graves'),
	(5642, 'Transporte de Urgência'),
	(1121, 'Transporte gratuito em ambulância'),
	(1121, 'Ambulatório'),
	(1121, 'Hospitalização'),
	(1121, 'Assistência médica e de enfermagem ao domicílio'),
	(1121, 'Consultas médicas de especialidade'),
	(1121, 'Assistência em caso de doenças graves'),
	(1121, 'Transporte de Urgência'),
	(9523, 'Transporte gratuito em ambulância'),
	(9523, 'Ambulatório'),
	(9523, 'Hospitalização'),
	(9523, 'Assistência médica e de enfermagem ao domicílio'),
	(9523, 'Consultas médicas de especialidade'),
	(9523, 'Assistência em caso de doenças graves'),
	(9523, 'Transporte de Urgência'),
	(4665, 'Transporte gratuito em ambulância'),
	(4665, 'Ambulatório'),
	(4665, 'Hospitalização'),
	(4665, 'Assistência médica e de enfermagem ao domicílio'),
	(4665, 'Consultas médicas de especialidade'),
	(4665, 'Assistência em caso de doenças graves'),
	(4665, 'Transporte de Urgência'),
	(6193, 'Internamento'),
	(6193, 'Transporte gratuito em ambulância'),
	(6193, 'Ambulatório'),
	(6193, 'Hospitalização'),
	(6193, 'Assistência médica e de enfermagem ao domicílio'),
	(6193, 'Assistência em caso de doenças graves'),
	(6193, 'Descontos em consultas de especialidade'),
	(7559, 'Internamento'),
	(7559, 'Transporte gratuito em ambulância'),
	(7559, 'Ambulatório'),
	(7559, 'Hospitalização'),
	(7559, 'Assistência médica e de enfermagem ao domicílio'),
	(7559, 'Assistência em caso de doenças graves'),
	(7559, 'Descontos em consultas de especialidade'),
	(7480, 'Internamento'),
	(7480, 'Transporte gratuito em ambulância'),
	(7480, 'Ambulatório'),
	(7480, 'Hospitalização'),
	(7480, 'Assistência médica e de enfermagem ao domicílio'),
	(7480, 'Assistência em caso de doenças graves'),
	(7480, 'Descontos em consultas de especialidade'),
	(4507, 'Internamento'),
	(4507, 'Transporte gratuito em ambulância'),
	(4507, 'Ambulatório'),
	(4507, 'Hospitalização'),
	(4507, 'Assistência médica e de enfermagem ao domicílio'),
	(4507, 'Assistência em caso de doenças graves'),
	(4507, 'Descontos em consultas de especialidade'),
	(9869, 'Internamento'),
	(9869, 'Transporte gratuito em ambulância'),
	(9869, 'Ambulatório'),
	(9869, 'Hospitalização'),
	(9869, 'Assistência médica e de enfermagem ao domicílio'),
	(9869, 'Assistência em caso de doenças graves'),
	(9869, 'Descontos em consultas de especialidade'),
	(9746, 'Internamento'),
	(9746, 'Transporte gratuito em ambulância'),
	(9746, 'Ambulatório'),
	(9746, 'Hospitalização'),
	(9746, 'Assistência médica e de enfermagem ao domicílio'),
	(9746, 'Assistência em caso de doenças graves'),
	(9746, 'Descontos em consultas de especialidade'),
	(9388, 'Transporte gratuito em ambulância'),
	(9388, 'Hospitalização'),
	(9388, 'Assistência médica e de enfermagem ao domicílio'),
	(9388, 'Assistência em caso de doenças graves'),
	(9388, 'Descontos em consultas de especialidade'),
	(5659, 'Transporte gratuito em ambulância'),
	(5659, 'Hospitalização'),
	(5659, 'Assistência médica e de enfermagem ao domicílio'),
	(5659, 'Assistência em caso de doenças graves'),
	(5659, 'Descontos em consultas de especialidade'),
	(2962, 'Transporte gratuito em ambulância'),
	(2962, 'Hospitalização'),
	(2962, 'Assistência médica e de enfermagem ao domicílio'),
	(2962, 'Assistência em caso de doenças graves'),
	(2962, 'Descontos em consultas de especialidade'),
	(7808, 'Transporte gratuito em ambulância'),
	(7808, 'Hospitalização'),
	(7808, 'Assistência médica e de enfermagem ao domicílio'),
	(7808, 'Assistência em caso de doenças graves'),
	(7808, 'Descontos em consultas de especialidade'),
	(1560, 'Transporte gratuito em ambulância'),
	(1560, 'Hospitalização'),
	(1560, 'Assistência médica e de enfermagem ao domicílio'),
	(1560, 'Assistência em caso de doenças graves'),
	(1560, 'Descontos em consultas de especialidade'),
	(1916, 'Transporte gratuito em ambulância'),
	(1916, 'Hospitalização'),
	(1916, 'Assistência médica e de enfermagem ao domicílio'),
	(1916, 'Assistência em caso de doenças graves'),
	(1916, 'Descontos em consultas de especialidade'),
	(5860, 'Transporte gratuito em ambulância'),
	(5860, 'Hospitalização'),
	(5860, 'Assistência médica e de enfermagem ao domicílio'),
	(5860, 'Assistência em caso de doenças graves'),
	(5860, 'Descontos em consultas de especialidade'),
	(7464, 'Transporte gratuito em ambulância'),
	(7464, 'Hospitalização'),
	(7464, 'Assistência médica e de enfermagem ao domicílio'),
	(7464, 'Assistência em caso de doenças graves'),
	(7464, 'Descontos em consultas de especialidade'),
	(9633, 'Transporte gratuito em ambulância'),
	(9633, 'Hospitalização'),
	(9633, 'Assistência médica e de enfermagem ao domicílio'),
	(9633, 'Assistência em caso de doenças graves'),
	(9633, 'Descontos em consultas de especialidade');


insert into EMPREGADO values
	(100, NULL, 'Gabriela Costa', 200284002, '1991-05-09', 'F', 914658732),
	(101, NULL, 'Soraia Cavaco', 252338685, '1984-07-21', 'F', 913264855),--
	(102, NULL, 'Leonardo Monetiro', 259080896, '1991-04-01', 'M', 941628556),
	(103, NULL, 'Cristiano Carneiro', 231199252, '1984-07-07', 'M', 943226554),--
	(104, NULL, 'Marco Simões', 220176604, '1983-09-16', 'M', 943211658),
	(105, NULL, 'Alícia Abreu', 244105383, '1983-05-03', 'F', 947756223),--
	(106, NULL, 'Daniela Batista', 247502405, '1991-07-18', 'F', 984635224),
	(107, NULL, 'Clara Moniz', 275485765, '1975-05-13', 'F', 986554477),--
	(108, NULL, 'Rita Do Rosário', 279825994, '1971-01-06', 'F', 986635289),
	(109, NULL, 'Ângelo Caetano', 268504733, '1984-07-26', 'M', 956485231),--
	(110, NULL, 'Aline Saldanha', 275464253, '1971-07-20', 'F', 954468523),
	(111, NULL, 'Pilar Fonseca', 023087652, '1976-04-14', 'F', 955014209),
	(112, NULL, 'Isabel Aguiar', 221932720, '1991-04-07', 'F', 955546852),--
	(113, NULL, 'Andreia Pires', 258221208,'1971-05-17', 'F', 944652318),
	(114, NULL, 'Manel Castro', 235585742, '1975-07-09', 'M', 911165823),--
	(115, NULL, 'Bruno Rodrigues', 241747899, '1983-08-20', 'M', 911487555),
	(116, NULL, 'Margarida De Freitas', 228011469, '1991-08-25', 'F', 913626266),--
	(117, NULL, 'Teresa Siqueira', 299662764, '1971-09-20', 'F', 913265488),
	(118, NULL, 'Nuno Resende', 106650092, '1984-04-15', 'M', 95649898),--
	(119, NULL, 'Nelson Góes', 150337809, '1975-05-09', 'M', 985652322),
	(120, NULL, 'Carlota Gonçalves', 137223749, '1971-12-08', 'F', 932654155),--
	(121, NULL, 'José Neves', 110581318, '1991-06-08', 'M', 93233658),
	(122, NULL, 'Raquel Branco', 129814679, '1973-09-23', 'F', 936655884),--
	(123, NULL, 'Rute Gama', 124321666, '1975-05-25', 'F', 988562315),
	(124, NULL, 'Santiago Furtado', 150328540, '1991-02-24', 'M', 988556634),--
	(125, NULL, 'Amélia Guerra', 122118324, '1983-08-09', 'F', 911323544),
	(126, NULL, 'Sara Varejão', 135773440, '1991-02-24', 'F', 91685563),--
	(127, NULL, 'Gabriel Santos', 130809233, '1991-11-08', 'M', 965652387),
	(128, NULL, 'Tomás Menezes', 119677083, '1984-02-20', 'M', 968877555),--
	(129, NULL, 'Hélder Paiva', 150767544, '1973-02-15', 'M', 955564843),
	(130, NULL, 'Mara Rocha', 153564067, '1991-04-08', 'F', 913265564);--


insert into FUNCIONARIO values
	(100),
	(102),
	(104),
	(106),
	(108),
	(110),
	(111),
	(113),
	(115),
	(117),
	(119),
	(121),
	(123),
	(125),
	(127);

insert into ENFERMEIRO values
	(101, 62536),
	(103, 83644),
	(105, 90132),
	(107, 14539),
	(109, 50111),
	(112, 70250),
	(114, 69817),
	(116, 25390),
	(118, 85588),
	(120, 80744),
	(122, 70914),
	(124, 37916),
	(126, 88248),
	(128, 14104),
	(130, 61765);


insert into PRESTA values
	(100, 'higiene pessoal'),
	(100, 'mobilizacação'),
	(100, 'alimentação'),
	(101, 'administração de medicamentos'),
	(101, 'higiene pessoal'),
	(101, 'mobilizacação'),
	(101, 'arrumação do espaço do idoso'),
	(115, 'animação'),
	(115, 'higiene pessoal'),
	(123, 'arrumação do espaço do idoso'),
	(126, 'mobilizacação'),
	(130, 'alimentação'),
	(130, 'higiene pessoal'),
	(130, 'administração de medicamentos'),
	(128, 'alimentação'),
	(128, 'mobilizacação'),
	(124, 'administração de medicamentos'),
	(113, 'alimentação'),
	(112, 'higiene pessoal'),
	(111, 'arrumação do espaço do idoso'),
	(111, 'alimentação'),
	(116, 'mobilizacação'),
	(120, 'administração de medicamentos'),
	(120, 'primeiros socorros'),
	(120, 'animação');


insert into MEDICO values
	(278032, 'Filipe Borges'),
	(215132, 'Tomé Baptista'),
	(894186, 'Melissa Siqueira'),
	(115544, 'Naiara Coimbra'),
	(810086, 'Carolina Carreira'),
	(668174, 'Rita Macedo'),
	(385677, 'Inês Montenegro'),
	(167920, 'Dário Vaz'),
	(415426, 'Ivan Hernandes'),
	(539100, 'Cristiano Furtado'),
	(866730, 'Filomena Nascimento'),
	(327455, 'Vitória Guerra'),
	(548092, 'Mariana Mata'),
	(609940, 'Brian Gonçalves'),
	(214644, 'Laura Passos'),
	(952159, 'Mauro Amaral'),
	(383257, 'Tomás De Lima'),
	(021812, 'Vera De Freitas'),
	(622541, 'Dinis Morais'),
	(367077, 'Ema Queiros');

insert into CONSULTA values
	(001, 2017, 6549, '2017-01-10', 952159),
	(002, 2017, 5368, '2017-01-20', 622541),
	(003, 2017, 8836, '2017-01-30', 415426),
	(004, 2017, 9491, '2017-02-13', 367077),
	(005, 2017, 2067, '2017-02-21', 894186),
	(006, 2017, 1111, '2017-02-25', 622541),
	(007, 2017, 6549, '2017-03-05', 609940),
	(008, 2017, 6442, '2017-03-10', 894186),
	(009, 2017, 6853, '2017-04-16', 215132),
	(010, 2017, 7057, '2017-05-23', 539100),
	(011, 2017, 6549, '2017-06-28', 214644),
	(012, 2017, 6598, '2017-07-12', 609940),
	(013, 2017, 8836, '2017-08-16', 215132),
	(014, 2017, 5368, '2017-09-19', 367077),
	(015, 2017, 2067, '2017-10-20', 214644),
	(001, 2018, 4327, '2018-01-05', 539100),
	(002, 2018, 4283, '2018-02-25', 278032),
	(003, 2018, 6549, '2018-03-27', 952159),
	(004, 2018, 6598, '2018-04-16', 548092),
	(005, 2018, 7322, '2018-04-25', 668174),
	(006, 2018, 6442, '2018-05-12', 866730),
	(007, 2018, 6549, '2018-06-16', 383257),
	(008, 2018, 8116, '2018-06-25', 115544),
	(009, 2018, 1111, '2018-07-04', 668174),
	(010, 2018, 9053, '2018-07-12', 548092),
	(011, 2018, 5368, '2018-08-10', 383257),
	(012, 2018, 2067, '2018-08-18', 115544),
	(013, 2018, 2923, '2018-09-20', 385677),
	(014, 2018, 7322, '2018-10-03', 548092),
	(015, 2018, 5517, '2018-10-22', 385677),
	(016, 2018, 4327, '2018-11-19', 021812),
	(017, 2018, 6549, '2018-11-28', 810086),
	(019, 2018, 9491, '2018-12-07', 167920),
	(020, 2018, 1111, '2018-12-16', 810086),
	(001, 2019, 7504, '2019-01-10', 167920),
	(002, 2019, 7322, '2019-01-15', 327455),
	(003, 2019, 1111, '2019-02-13', 810086),
	(004, 2019, 7504, '2019-02-19', 167920),
	(005, 2019, 7057, '2019-03-13', 278032),
	(006, 2019, 6549, '2019-03-21', 167920),
	(007, 2019, 6598, '2019-04-14', 327455);


insert into PRESCRICAO values
	(10001, '2017-09-19', 014, 2017),
	(10002, '2018-01-05', 001, 2018),
	(10003, '2018-02-25', 002, 2018),
	(10004, '2018-04-16', 004, 2018),
	(10005, '2018-05-12', 006, 2018),
	(10006, '2018-06-25', 008, 2018),
	(10007, '2018-07-12', 010, 2018),
	(10008, '2018-09-20', 013, 2018),
	(10009, '2018-10-03', 014, 2018),
	(10010, '2018-10-22', 015, 2018),
	(10011, '2018-11-19', 016, 2018),
	(10012, '2018-11-28', 017, 2018),
	(10013, '2018-12-07', 019, 2018),
	(10014, '2018-12-16', 020, 2018),
	(10015, '2019-01-10', 001, 2019),
	(10016, '2019-01-15', 002, 2019),
	(10017, '2019-02-13', 003, 2019),
	(10018, '2019-02-19', 004, 2019),
	(10019, '2019-03-13', 005, 2019),
	(10020, '2019-04-14', 007, 2019);

insert into FARMACO values
	('Sedoxil', 'Bial', 'mexazolam'),
	('Venlafaxina Mylan', 'Mylan', 'venlafaxina'),
	('Victan', 'Sanofi', 'benzodiazepinas'),
	('Captopril', 'Bluefarma', 'captiopril'),
	('Singulair', 'MercSharp&Dohma', 'montelucaste'),
	('Capsozol', 'Angelini Farmacêutica', 'omeprazol'),
	('Albosan', 'Acino AG', 'omeprazol'),
	('Clopidogrel Actavis', 'Actavis Group PTC', 'clopidogrel'),
	('Clopidogrel Pirmesir', 'Lavineli Farmacêutica', 'clopidogrel'),
	('Avandamet', 'SmithKline Beecham plc', 'metformina + rosiglitazona'),
	('Metformina Generis', 'Generis Farmacêutica', 'metmormina');


insert into REFERE values
	('Sedoxil', 'Bial', 10001, '2017-10-19', 'diariamente'),
	('Avandamet', 'SmithKline Beecham plc', 10002 , '2018-01-25', '3 vezes ao dia'),
	('Venlafaxina Mylan', 'Mylan', 10003 , '2018-03-10', 'após as refeições'),
	('Victan', 'Sanofi', 10004 , '2018-05-06', '3 vezes ao dia'),
	('Clopidogrel Pirmesir', 'Lavineli Farmacêutica', 10005 , '2018-05-30', '2 vezes ao dia'),
	('Albosan', 'Acino AG', 10006 , '2018-07-08', 'diariamente'),
	('Metformina Generis', 'Generis Farmacêutica', 10007 , '2018-07-22', '2 vezes ao dia'),
	('Captopril', 'Bluefarma', 10008 , '2018-10-10', 'após as refeições'),
	('Singulair', 'MercSharp&Dohma', 10009 , '2018-10-15', 'diariamente'),
	('Capsozol', 'Angelini Farmacêutica', 10010 , '2018-10-31', 'diariamente'),
	('Albosan', 'Acino AG', 10011 , '2018-11-30', 'diariamente'),
	('Victan', 'Sanofi', 10012 , '2018-12-15', '3 vezes ao dia'),
	('Albosan', 'Acino AG', 10013 , '2018-12-21', 'diariamente'),
	('Clopidogrel Actavis', 'Actavis Group PTC', 10014 , '2019-01-04', '2 vezes ao dia'),
	('Singulair', 'MercSharp&Dohma', 10015 , '2019-01-24', 'diariamente'),
	('Venlafaxina Mylan', 'Mylan', 10016 , '2019-02-03', 'após as refeições'),
	('Sedoxil', 'Bial', 10017, '2019-02-27', 'diariamente'),
	('Clopidogrel Pirmesir', 'Lavineli Farmacêutica', 10018 , '2019-03-10', '2 vezes ao dia'),
	('Singulair', 'MercSharp&Dohma', 10019 , '2019-03-27', 'diariamente'),
	('Captopril', 'Bluefarma', 10020 , '2019-04-30', 'após as refeições');